{
    "type": "APL",
    "version": "1.1",
    "import": [
    {
        "name": "alexa-layouts",
        "version": "1.1.0"
    }
    ],
        "mainTemplate": {
        "items": [
            {
            "primaryText": "Alexa Headline",
            "secondaryText": "Example with background image",
            "headerBackButton": true,
            "headerBackButtonAccessibilityLabel": "back",
            "headerBackgroundColor": "transparent",
            "headerTitle": "Header title",
            "headerSubtitle": "Header subtitle",
            "headerAttributionText": "Attribution",
            "headerAttributionImage": "https://s3.amazonaws.com/ask-skills-assets/apl-layout-assets/attribution_dark_hub_prime.png",
            "headerAttributionPrimacy": true,
            "headerDivider": true,
            "backgroundImageSource": "https://static1.squarespace.com/static/5046029284ae39da43aa47a2/t/56245363e4b006ea8cf33066/1445221220781/?format=1500w",
            
            "backgroundScale": "best-fill",
            "footerHintText": "Footer text example",
            "type": "AlexaHeadline"
            }
        ]
    }
}