{
    "type": "APL",
    "version": "1.1",
    "theme": "auto",
    "graphics": {
        "lightbulb": {
            "type": "AVG",
            "version": "1.0",
            "height": 48,
            "width": 48,
            "parameters": [
                {
                    "default": "white",
                    "type": "color",
                    "name": "fillColor"
                }
            ],
            "items": [
                {
                    "type": "path",
                    "fill": "${fillColor}",
                    "stroke": "pink",
                    "strokeWidth": 1,
                    "pathData": "M15.001,15c-0.032,0-0.064-0.001-0.096-0.004c-0.55-0.053-0.953-0.541-0.9-1.091c0.449-4.682,4.189-8.425,8.895-8.9 c0.56-0.052,1.041,0.346,1.096,0.895c0.055,0.55-0.345,1.04-0.895,1.096c-3.759,0.379-6.747,3.365-7.105,7.1 C15.946,14.613,15.51,15,15.001,15z M30.5,43c0-0.553-0.448-1-1-1h-11c-0.552,0-1,0.447-1,1s0.448,1,1,1h11 C30.052,44,30.5,43.553,30.5,43z M30.5,47c0-0.553-0.448-1-1-1h-11c-0.552,0-1,0.447-1,1s0.448,1,1,1h11 C30.052,48,30.5,47.553,30.5,47z M37.906,19.845c-0.54,1.272-1.177,2.482-1.821,3.652c-0.432,0.784-0.879,1.594-1.272,2.4 c-1.158,2.374-1.962,4.901-2.389,7.512c-0.041,0.251-0.075,0.513-0.11,0.779C32.074,35.988,31.676,39,28.304,39h-8.607 c-3.372,0-3.769-3.012-4.007-4.812c-0.036-0.267-0.068-0.528-0.109-0.779c-0.427-2.611-1.227-5.139-2.385-7.513 c-0.394-0.805-0.833-1.616-1.265-2.399c-0.645-1.17-1.296-2.38-1.836-3.652c-1.772-4.171-1.285-8.833,1.284-12.788 C13.964,3.076,18,0.457,23,0.059V0.008L23.938,0l0.006,0.003L25,0v0.059c5,0.398,9.036,3.017,11.622,6.998 C39.191,11.012,39.678,15.673,37.906,19.845z M31.781,28H16.219c0.589,1.651,1.047,3.348,1.331,5.087 c0.044,0.271,0.082,0.553,0.12,0.839C17.98,36.271,18.3,37,19.696,37h8.607c1.396,0,1.716-0.729,2.026-3.074 c0.038-0.287,0.075-0.568,0.12-0.839C30.734,31.348,31.191,29.651,31.781,28z M35.003,8.146C32.592,4.434,28.414,2.082,24.1,2.008 l-0.118-0.002L23.9,2.008c-4.314,0.074-8.492,2.426-10.903,6.138c-2.201,3.389-2.599,7.368-1.091,10.917 c0.5,1.179,1.113,2.291,1.762,3.469c0.443,0.805,0.902,1.638,1.317,2.487c0.157,0.322,0.29,0.654,0.435,0.981h17.16 c0.145-0.327,0.278-0.659,0.435-0.98c0.416-0.85,0.874-1.683,1.317-2.488c0.649-1.178,1.262-2.29,1.762-3.468 C37.602,15.514,37.204,11.535,35.003,8.146z"
                }
            ]
        }
    },
    "import": [
        {
            "name": "alexa-layouts",
            "version": "1.0.0"
        }
    ],
    "mainTemplate": {
        "parameters": [
            "payload"
        ],
        "item": {
            "type": "Frame",
            "width": "100%",
            "height": "100%",
            "backgroundColor": "black",
            "item": {
                "type": "Container",
                "width": "100vw",
                "height": "100vh",
                "items": [
                    {
                        "type": "VectorGraphic",
                        "id": "imageId1",
                        "source": "lightbulb",
                        "fillColor": "yellow",
                        "position": "absolute",
                        "width": "30vw",
                        "height": "30vw",
                        "left": "10vw",
                        "top": "30vh",
                        "opacity": 0
                    },
                    {
                        "type": "Text",
                        "text": "Welcome",
                        "color": "teal",
                        "textAlign": "center",
                        "fontSize": 38,
                        "id": "textId1",
                        "opacity": 0
                    },
                    {
                        "type": "Text",
                        "top": "20dp",
                        "text": "to",
                        "color": "grey",
                        "textAlign": "center",
                        "fontSize": 50,
                        "id": "textId2",
                        "opacity": 0
                    },
                    {
                        "type": "Text",
                        "text": "APL 1.1",
                        "color": "crimson",
                        "textAlign": "center",
                        "fontSize": 92,
                        "id": "textId3",
                        "opacity": 0
                    }
                ]
            }
        }
    },
    "onMount": [
        {
            "type": "Parallel",
            "commands": [
                {
                    "type": "Sequential",
                    "commands": [
                        {
                            "type": "AnimateItem",
                            "easing": "ease-in-out",
                            "duration": 6000,
                            "componentId": "imageId1",
                            "value": [
                                {
                                    "property": "opacity",
                                    "to": 1
                                },
                                {
                                    "property": "transform",
                                    "from": [
                                        {
                                            "translateX": "100vw"
                                        },
                                        {
                                            "rotate": 720
                                        }
                                    ],
                                    "to": [
                                        {
                                            "translateX": 0
                                        },
                                        {
                                            "rotate": 0
                                        }
                                    ]
                                }
                            ]
                        },
                        {
                            "type": "AnimateItem",
                            "easing": "ease-in-out",
                            "duration": 6000,
                            "componentId": "imageId1",
                            "value": [
                                {
                                    "property": "opacity",
                                    "to": 1
                                },
                                {
                                    "property": "transform",
                                    "from": [
                                        {
                                            "translateX": 0
                                        },
                                        {
                                            "scale": 1
                                        }
                                    ],
                                    "to": [
                                        {
                                            "translateX": "25vw"
                                        },
                                        {
                                            "scale": 2.5
                                        }
                                    ]
                                }
                            ]
                        },
                        {
                            "type": "Parallel",
                            "commands": [
                                {
                                    "type": "AnimateItem",
                                    "easing": "ease-in-out",
                                    "duration": 4000,
                                    "componentId": "textId1",
                                    "value": [
                                        {
                                            "property": "opacity",
                                            "to": 1
                                        },
                                        {
                                            "property": "transform",
                                            "from": [
                                                {
                                                    "translateX": "100vw"
                                                }
                                            ],
                                            "to": [
                                                {
                                                    "translateX": 0
                                                }
                                            ]
                                        }
                                    ]
                                },
                                {
                                    "type": "AnimateItem",
                                    "easing": "ease-in-out",
                                    "duration": 6000,
                                    "componentId": "textId2",
                                    "value": [
                                        {
                                            "property": "opacity",
                                            "to": 1
                                        },
                                        {
                                            "property": "transform",
                                            "from": [
                                                {
                                                    "translateX": "-100vw"
                                                }
                                            ],
                                            "to": [
                                                {
                                                    "translateX": "0vw"
                                                }
                                            ]
                                        }
                                    ]
                                },
                                {
                                    "type": "AnimateItem",
                                    "easing": "ease-in-out",
                                    "duration": 8000,
                                    "componentId": "textId3",
                                    "value": [
                                        {
                                            "property": "opacity",
                                            "to": 1
                                        },
                                        {
                                            "property": "transform",
                                            "from": [
                                                {
                                                    "translateX": "100vw"
                                                }
                                            ],
                                            "to": [
                                                {
                                                    "translateX": 0
                                                }
                                            ]
                                        }
                                    ]
                                }
                            ]
                        }
                    ]
                }
            ]
        }
    ] 
}