{
    "type": "APL",
    "version": "1.1",
    "import": [
        {
            "name": "alexa-layouts",
            "version": "1.1.0"
        }
    ],
    "resources": [
        {
            "description": "Define dimensions for HorizontalListItem layout",
            "dimensions": {
                "touchWrapperWidth": "auto",
                "touchWrapperHeight": "auto",
                "containerWidth": "25vw",
                "containerHeight": "30vh",
                "imageWidth": "22vh",
                "imageHeight": "22vh",
                "imageBorderRadius": "2vh",
                "itemBorderWidth": "3dp",
                "textWidth": "25vw",
                "textHeight": "8vh",
                "textPaddingTop": "2vh",
                "textFontSize": "2vw",
                "textFontWeight": "100"
            }
        },
        {
            "description": "Override dimensions for HorizontalListItem layout on Small Round Hubs",
            "when": "${@viewportProfile == @hubRoundSmall}",
            "dimensions": {
                "touchWrapperWidth": "60vw",
                "touchWrapperHeight": "70vh",
                "containerWidth": "50vw",
                "containerHeight": "70vh",
                "imageWidth": "50vw",
                "imageHeight": "50vh",
                "textWidth": "50vw",
                "textHeight": "20vh",
                "textPaddingTop": "3vh",
                "textFontSize": "5vw"
            }
        }
    ],
    "styles": {
        "horizontalItemFrame": {
            "values": [
                {
                    "backgroundColor": "@colorWhite",
                    "borderColor": "@colorComponent",
                    "borderWidth": "@itemBorderWidth"
                },
                {
                    "when": "${@viewportProfileGroup == @tv}",
                    "backgroundColor": "transparent",
                    "borderColor": "transparent"
                },
                {
                    "when": "${state.focused}",
                    "backgroundColor": "@colorWhite",
                    "borderColor": "@colorComponent"
                }
            ]
        }
    },
    "layouts": {
        "HorizontalListItem": {
            "description": "a touchable container with an image and a text - dimensions are adapted depending on Hub type",
            "item": {
                "when":"${data.id}",
                "type": "TouchWrapper",
                "id": "touch-${data.id}",
                "width": "@touchWrapperWidth",
                "height": "@touchWrapperHeight",
                "item": {
                    "type": "Container",
                    "direction": "column",
                    "width": "@containerWidth",
                    "height": "@containerHeight",
                    "alignItems": "center",
                    "inheritParentState": true,
                    "items": [
                        {
                            "type": "Frame",
                            "width": "@imageWidth",
                            "height": "@imageHeight",
                            "borderRadius": "@imageBorderRadius",
                            "style": "horizontalItemFrame",
                            "inheritParentState": true,
                            "items": [
                                {
                                    "type": "Image",
                                    "source": "${data.image}",
                                    "width": "${@imageWidth - (@itemBorderWidth * 2)}",
                                    "height": "${@imageHeight - (@itemBorderWidth * 2)}",
                                    "borderRadius": "@imageBorderRadius",
                                    "scale": "best-fill",
                                    "align": "center"
                                }
                            ]
                        },
                        {
                            "type": "Text",
                            "text": "${data.text}",
                            "width": "@textWidth",
                            "height": "@textHeight",
                            "paddingTop": "@textPaddingTop",
                            "fontSize": "@textFontSize",
                            "fontWeight": "@textFontWeight",
                            "textAlign": "center",
                            "opacity": "${environment.aplVersion == '1.1' ? 0 : 1}",
                            "onMount": [
                                {
                                    "when": "${environment.aplVersion == '1.1'}",
                                    "type": "AnimateItem",
                                    "duration": 2000,
                                    "value": {
                                        "property": "opacity",
                                        "to": 1
                                    }
                                }
                            ]
                        }
                    ]
                },
                "onPress": [
                    {
                        "when": "${environment.aplVersion == '1.1'}",
                        "type": "AnimateItem",
                        "easing": "ease-in-out",
                        "duration": 1000,
                        "value": [
                            {
                                "property": "transform",
                                "from": [
                                    {
                                        "translateX": 0
                                    },
                                    {
                                        "scale": 1
                                    }
                                ],
                                "to": [
                                    {
                                        "translateX": 0
                                    },
                                    {
                                        "scale": 1.1
                                    }
                                ]
                            }
                        ]
                    },
                    {
                        "type": "SendEvent",
                        "arguments": [
                            "aplDocInstructions",
                            "${data.id}"
                        ]
                    }
                ]
            }
        }
    },
    "mainTemplate": {
        "parameters": [
            "payload"
        ],
        "items": [
            {
                "type": "Container",
                "height": "100%",
                "width": "100%",
                "direction": "column",
                "items": [
                    {
                        "description": "Set background Image",
                        "type": "AlexaBackground",
                        "backgroundImageSource": "https://ask-skills-assets.s3.amazonaws.com/apl-layout-assets/arl-examples/background-layouts.jpg",
                        "backgroundScale": "best-fill",
                        "colorOverlay": true
                    },
                    {
                        "description": "Use Responsive Header accross all Hubs",
                        "type": "AlexaHeader",
                        "headerTitle": "${payload.aplDocData.properties.headerTitle}",
                        "headerDivider": true
                    },
                    {
                        "description": "Use containers to display 4 aplDocs per row (container) in a ScrollView for Landscape Hubs",
                        "when": "${@viewportProfile != @hubRoundSmall}",
                        "type": "ScrollView",
                        "height": "100%",
                        "scrollDirection": "vertical",
                        "items": [
                            {
                                "type": "Container",
                                "direction": "column",
                                "paddingBottom": "20vh",
                                "items": [
                                    {
                                        "type": "Container",
                                        "width": "100vw",
                                        "paddingTop": "5vh",
                                        "direction": "row",
                                        "data": [
                                            "${payload.aplDocData.properties.items[0]}",
                                            "${payload.aplDocData.properties.items[1]}",
                                            "${payload.aplDocData.properties.items[2]}",
                                            "${payload.aplDocData.properties.items[3]}"
                                        ],
                                        "items": [
                                            {
                                                "type": "HorizontalListItem"
                                            }
                                        ]
                                    },
                                    {
                                        "type": "Container",
                                        "width": "100vw",
                                        "paddingTop": "5vh",
                                        "direction": "row",
                                        "data": [
                                            "${payload.aplDocData.properties.items[4]}",
                                            "${payload.aplDocData.properties.items[5]}",
                                            "${payload.aplDocData.properties.items[6]}",
                                            "${payload.aplDocData.properties.items[7]}"
                                        ],
                                        "items": [
                                            {
                                                "type": "HorizontalListItem"
                                            }
                                        ]
                                    },
                                    {
                                        "when": "${payload.aplDocData.properties.items[8]}",
                                        "type": "Container",
                                        "width": "100vw",
                                        "paddingTop": "5vh",
                                        "direction": "row",
                                        "data": [
                                            "${payload.aplDocData.properties.items[8]}",
                                            "${payload.aplDocData.properties.items[9]}",
                                            "${payload.aplDocData.properties.items[10]}",
                                            "${payload.aplDocData.properties.items[11]}"
                                        ],
                                        "items": [
                                            {
                                                "type": "HorizontalListItem"
                                            }
                                        ]
                                    }
                                ]
                            }
                        ]
                    },
                    {
                        "description": "Use a sequence to display a horizontal scrolling list of aplDocs for Small Round Hubs",
                        "when": "${@viewportProfile == @hubRoundSmall}",
                        "type": "Container",
                        "height": "100vh",
                        "width": "100vw",
                        "items": [
                            {
                                "type": "Sequence",
                                "scrollDirection": "horizontal",
                                "data": "${payload.aplDocData.properties.items}",
                                "width": "100vw",
                                "height": "100vh",
                                "firstItem": [
                                    {
                                        "type": "Container",
                                        "width": "25vw"
                                    }
                                ],
                                "lastItem": [
                                    {
                                        "type": "Container",
                                        "width": "15vw"
                                    }
                                ],
                                "numbered": true,
                                "item": [
                                    {
                                        "type": "HorizontalListItem"
                                    }
                                ]
                            }
                        ]
                    }
                    
                ]
            }
        ]
    }
}