{
    "type": "APL",
    "version": "1.1",
    "import": [
      { "name": "alexa-layouts", 
        "version": "1.1.0"
      }
    ],
    "layouts": {
        "AlexaButtonRow": {
            "parameters": [
                "labels",
                "buttonType",
                "buttonStyle",
                "theme"
            ],
            "item": {
                "type": "Frame",
                "backgroundColor": "${theme == 'light' ? '#fff' : '#000'}",
                "paddingTop": "10dp",
                "paddingBottom": "10dp",
                "paddingLeft": "10dp",
                "paddingRight": "10dp",
                "item": {
                    "type": "Sequence",
                    "scrollDirection": "horizontal",
                    "data": "${labels}",
                    "width": "100%",
                    "items": [
                        {
                            "type": "AlexaButton",
                            "width": "210dp",
                            "buttonText": "${data}",
                            "id": "AlexaButton_${buttonStyle}_${theme}_${index}",
                            "alignSelf": "center",
                            "disabled": "${index == 1}",
                            "primaryAction": {
                                "type": "SendEvent",
                                "arguments": [
                                    "AlexaButton",
                                    "${buttonStyle}",
                                    "${theme}",
                                    "${index}",
                                    "${data}"
                                ]
                            },
                            "buttonStyle": "${buttonStyle}",
                            "theme": "${theme}"
                        }
                    ]
                }
            }
        }
    },
    "mainTemplate": {
        "parameters": [
            "payload"
        ],
        "item": {
            "type": "Frame",
            "width": "100%",
            "height": "100%",
            "item": {
                "type": "ScrollView",
                "height": "100%",
                "item": {
                    "type": "Container",
                    "direction": "column",
                    "alignSelf": "stretch",
                    "paddingTop": "${@viewportProfile == @hubRoundSmall ? '15vh' : '5vh'}",
                    "paddingLeft": "${@viewportProfile == @hubRoundSmall ? '5vw' : '2vw'}",
                    "paddingRight": "0",
                    "paddingBottom": "${@viewportProfile == @hubRoundSmall ? '15vh' : '15vh'}",
                    "grow": 1,
                    "data": [
                        {
                            "title": "Contained (dark)",
                            "style": "contained"
                        },
                        {
                            "title": "Outlined (dark)",
                            "style": "outlined"
                        },
                        {
                            "title": "Contained (light)",
                            "style": "contained",
                            "theme": "light"
                        },
                        {
                            "title": "Outlined (light)",
                            "style": "outlined",
                            "theme": "light"
                        }
                    ],
                    "item": {
                        "type": "Container",
                        "direction": "${@viewportProfile == @hubRoundSmall ? 'column' : 'row'}",
                        "spacing": "0dp",
                        "paddingTop": "10dp",
                        "items": [
                            {
                                "type": "Text",
                                "style": "textStyleCalloutAlt",
                                "text": "${data.title}",
                                "textAlign": "left",
                                "paddingLeft": "5vw",
                                "paddingRight": "0",
                                "paddingTop": "20dp",
                                "width": "320dp"
                            },
                            {
                                "type": "AlexaButtonRow",
                                "labels": [
                                    "Normal",
                                    "Disabled"
                                ],
                                "buttonStyle": "${data.style}",
                                "theme": "${data.theme}",
                                "spacing": 10
                            }
                        ]
                    }
                }
            }
        }
    }
}